COAL_MOISTURE,MILL_OUTLET_TEMP,AF_RATIO,MILL_INLET_TEMP
6,48.888888888888886,2.0,95.20063124723043
7,48.888888888888886,2.0,103.96670994848046
8,48.888888888888886,2.0,106.88873618223045
9,48.888888888888886,2.0,111.27177553285547
10,48.888888888888886,2.0,115.65481488348047
11,48.888888888888886,2.0,117.84633455879299
12,48.888888888888886,2.0,121.49886735098052
13,48.888888888888886,2.0,125.151400143168
14,48.888888888888886,2.0,127.34291981848052
15,48.888888888888886,2.0,130.26494605223056
16,48.888888888888886,2.0,133.91747884441804
17,48.888888888888886,2.0,136.10899851973056
18,48.888888888888886,2.0,139.03102475348055
19,48.888888888888886,2.0,141.22254442879304
20,48.888888888888886,2.0,143.41406410410556
21,48.888888888888886,2.0,146.33609033785558
22,48.888888888888886,2.0,148.5276100131681
23,48.888888888888886,2.0,149.9886231300431
24,48.888888888888886,2.0,152.1801428053556
25,48.888888888888886,2.0,155.1021690391056
26,48.888888888888886,2.0,157.29368871441815
27,48.888888888888886,2.0,158.75470183129312
28,48.888888888888886,2.0,160.94622150660564
29,48.888888888888886,2.0,163.13774118191813
30,48.888888888888886,2.0,164.59875429879312
31,48.888888888888886,2.0,166.05976741566815
32,48.888888888888886,2.0,168.25128709098067
33,48.888888888888886,2.0,169.71230020785566
34,48.888888888888886,2.0,171.90381988316813
35,48.888888888888886,2.0,173.36483300004318
36,48.888888888888886,2.0,175.55635267535567
37,48.888888888888886,2.0,177.01736579223066
38,48.888888888888886,2.0,179.20888546754318
39,48.888888888888886,2.0,180.66989858441818
40,48.888888888888886,2.0,182.86141825973067
6,49.44444444444444,2.0,97.39215092254292
7,49.44444444444444,2.0,104.69721650691794
8,49.44444444444444,2.0,108.34974929910545
9,49.44444444444444,2.0,113.46329520816798
10,49.44444444444444,2.0,117.11582800035548
11,49.44444444444444,2.0,120.03785423410551
12,49.44444444444444,2.0,123.69038702629298
13,49.44444444444444,2.0,125.88190670160553
14,49.44444444444444,2.0,129.53443949379303
15,49.44444444444444,2.0,132.45646572754305
16,49.44444444444444,2.0,136.10899851973056
17,49.44444444444444,2.0,136.83950507816803
18,49.44444444444444,2.0,141.22254442879304
19,49.44444444444444,2.0,143.41406410410556
20,49.44444444444444,2.0,145.60558377941808
21,49.44444444444444,2.0,148.5276100131681
22,49.44444444444444,2.0,149.9886231300431
23,49.44444444444444,2.0,152.1801428053556
24,49.44444444444444,2.0,154.3716624806681
25,49.44444444444444,2.0,157.29368871441815
26,49.44444444444444,2.0,159.48520838973062
27,49.44444444444444,2.0,160.94622150660564
28,49.44444444444444,2.0,163.13774118191813
29,49.44444444444444,2.0,166.05976741566815
30,49.44444444444444,2.0,166.79027397410562
31,49.44444444444444,2.0,168.25128709098067
32,49.44444444444444,2.0,170.44280676629316
33,49.44444444444444,2.0,173.36483300004318
34,49.44444444444444,2.0,174.09533955848067
35,49.44444444444444,2.0,177.01736579223066
36,49.44444444444444,2.0,178.4783789091057
37,49.44444444444444,2.0,180.66989858441818
38,49.44444444444444,2.0,182.1309117012932
39,49.44444444444444,2.0,182.86141825973067
40,49.44444444444444,2.0,186.5139510519182
6,50.0,2.0,98.12265748098042
7,50.0,2.0,106.15822962379295
8,50.0,2.0,109.81076241598046
9,50.0,2.0,114.92430832504299
10,50.0,2.0,118.57684111723049
11,50.0,2.0,122.229373909418
12,50.0,2.0,124.42089358473052
13,50.0,2.0,128.8039329353555
14,50.0,2.0,132.45646572754305
15,50.0,2.0,134.64798540285554
16,50.0,2.0,136.83950507816803
17,50.0,2.0,139.76153131191802
18,50.0,2.0,141.95305098723057
19,50.0,2.0,145.60558377941808
20,50.0,2.0,147.79710345473055
21,50.0,2.0,150.7191296884806
22,50.0,2.0,151.4496362469181
23,50.0,2.0,154.3716624806681
24,50.0,2.0,156.5631821559806
25,50.0,2.0,159.48520838973062
26,50.0,2.0,161.67672806504314
27,50.0,2.0,163.13774118191813
28,50.0,2.0,165.32926085723068
29,50.0,2.0,167.52078053254314
30,50.0,2.0,168.98179364941814
31,50.0,2.0,171.90381988316813
32,50.0,2.0,174.09533955848067
33,50.0,2.0,175.55635267535567
34,50.0,2.0,177.7478723506682
35,50.0,2.0,179.20888546754318
36,50.0,2.0,181.4004051428557
37,50.0,2.0,182.86141825973067
38,50.0,2.0,184.32243137660572
39,50.0,2.0,186.5139510519182
40,50.0,2.0,188.7054707272307
6,50.55555555555556,2.0,98.85316403941792
7,50.55555555555556,2.0,106.88873618223045
8,50.55555555555556,2.0,112.00228209129298
9,50.55555555555556,2.0,117.11582800035548
10,50.55555555555556,2.0,120.768360792543
11,50.55555555555556,2.0,122.9598804678555
12,50.55555555555556,2.0,126.61241326004301
13,50.55555555555556,2.0,130.26494605223056
14,50.55555555555556,2.0,133.91747884441804
15,50.55555555555556,2.0,136.83950507816803
16,50.55555555555556,2.0,139.03102475348055
17,50.55555555555556,2.0,141.95305098723057
18,50.55555555555556,2.0,144.14457066254306
19,50.55555555555556,2.0,147.79710345473055
20,50.55555555555556,2.0,149.9886231300431
21,50.55555555555556,2.0,151.4496362469181
22,50.55555555555556,2.0,153.6411559222306
23,50.55555555555556,2.0,156.5631821559806
24,50.55555555555556,2.0,158.75470183129312
25,50.55555555555556,2.0,161.67672806504314
26,50.55555555555556,2.0,163.8682477403556
27,50.55555555555556,2.0,166.05976741566815
28,50.55555555555556,2.0,167.52078053254314
29,50.55555555555556,2.0,169.71230020785566
30,50.55555555555556,2.0,172.63432644160565
31,50.55555555555556,2.0,174.09533955848067
32,50.55555555555556,2.0,176.2868592337932
33,50.55555555555556,2.0,177.7478723506682
34,50.55555555555556,2.0,179.9393920259807
35,50.55555555555556,2.0,181.4004051428557
36,50.55555555555556,2.0,183.5919248181682
37,50.55555555555556,2.0,185.0529379350432
38,50.55555555555556,2.0,187.2444576103557
39,50.55555555555556,2.0,188.7054707272307
40,50.55555555555556,2.0,192.35800351941825
6,51.111111111111114,2.0,101.04468371473043
7,51.111111111111114,2.0,109.08025585754295
8,51.111111111111114,2.0,112.73278864973048
9,51.111111111111114,2.0,117.84633455879299
10,51.111111111111114,2.0,121.49886735098052
11,51.111111111111114,2.0,125.151400143168
12,51.111111111111114,2.0,128.8039329353555
13,51.111111111111114,2.0,132.45646572754305
14,51.111111111111114,2.0,135.37849196129304
15,51.111111111111114,2.0,139.03102475348055
16,51.111111111111114,2.0,141.22254442879304
17,51.111111111111114,2.0,144.14457066254306
18,51.111111111111114,2.0,146.33609033785558
19,51.111111111111114,2.0,149.9886231300431
20,51.111111111111114,2.0,152.9106493637931
21,51.111111111111114,2.0,153.6411559222306
22,51.111111111111114,2.0,156.5631821559806
23,51.111111111111114,2.0,158.75470183129312
24,51.111111111111114,2.0,160.94622150660564
25,51.111111111111114,2.0,163.13774118191813
26,51.111111111111114,2.0,166.05976741566815
27,51.111111111111114,2.0,168.25128709098067
28,51.111111111111114,2.0,169.71230020785566
29,51.111111111111114,2.0,171.90381988316813
30,51.111111111111114,2.0,174.82584611691814
31,51.111111111111114,2.0,175.55635267535567
32,51.111111111111114,2.0,178.4783789091057
33,51.111111111111114,2.0,180.66989858441818
34,51.111111111111114,2.0,182.1309117012932
35,51.111111111111114,2.0,184.32243137660572
36,51.111111111111114,2.0,185.78344449348072
37,51.111111111111114,2.0,187.2444576103557
38,51.111111111111114,2.0,189.43597728566823
39,51.111111111111114,2.0,191.6274969609807
40,51.111111111111114,2.0,194.54952319473074
6,51.666666666666664,2.0,101.77519027316794
7,51.666666666666664,2.0,110.54126897441796
8,51.666666666666664,2.0,114.19380176660547
9,51.666666666666664,2.0,120.03785423410551
10,51.666666666666664,2.0,122.9598804678555
11,51.666666666666664,2.0,126.61241326004301
12,51.666666666666664,2.0,131.72595916910552
13,51.666666666666664,2.0,133.18697228598052
14,51.666666666666664,2.0,136.83950507816803
15,51.666666666666664,2.0,139.76153131191802
16,51.666666666666664,2.0,143.41406410410556
17,51.666666666666664,2.0,145.60558377941808
18,51.666666666666664,2.0,148.5276100131681
19,51.666666666666664,2.0,150.7191296884806
20,51.666666666666664,2.0,153.6411559222306
21,51.666666666666664,2.0,155.83267559754307
22,51.666666666666664,2.0,158.02419527285562
23,51.666666666666664,2.0,160.94622150660564
24,51.666666666666664,2.0,163.13774118191813
25,51.666666666666664,2.0,166.05976741566815
26,51.666666666666664,2.0,168.25128709098067
27,51.666666666666664,2.0,170.44280676629316
28,51.666666666666664,2.0,171.90381988316813
29,51.666666666666664,2.0,174.82584611691814
30,51.666666666666664,2.0,177.01736579223066
31,51.666666666666664,2.0,178.4783789091057
32,51.666666666666664,2.0,180.66989858441818
33,51.666666666666664,2.0,182.86141825973067
34,51.666666666666664,2.0,184.32243137660572
35,51.666666666666664,2.0,186.5139510519182
36,51.666666666666664,2.0,187.97496416879324
37,51.666666666666664,2.0,190.16648384410573
38,51.666666666666664,2.0,193.08851007785572
39,51.666666666666664,2.0,194.54952319473074
40,51.666666666666664,2.0,196.74104287004323
6,52.22222222222222,2.0,103.23620339004295
7,52.22222222222222,2.0,111.27177553285547
8,52.22222222222222,2.0,116.38532144191797
9,52.22222222222222,2.0,120.768360792543
10,52.22222222222222,2.0,125.151400143168
11,52.22222222222222,2.0,128.8039329353555
12,52.22222222222222,2.0,132.45646572754305
13,52.22222222222222,2.0,136.10899851973056
14,52.22222222222222,2.0,139.76153131191802
15,52.22222222222222,2.0,141.95305098723057
16,52.22222222222222,2.0,145.60558377941808
17,52.22222222222222,2.0,148.5276100131681
18,52.22222222222222,2.0,150.7191296884806
19,52.22222222222222,2.0,152.9106493637931
20,52.22222222222222,2.0,155.83267559754307
21,52.22222222222222,2.0,158.02419527285562
22,52.22222222222222,2.0,160.21571494816814
23,52.22222222222222,2.0,163.13774118191813
24,52.22222222222222,2.0,165.32926085723068
25,52.22222222222222,2.0,167.52078053254314
26,52.22222222222222,2.0,170.44280676629316
27,52.22222222222222,2.0,172.63432644160565
28,52.22222222222222,2.0,175.55635267535567
29,52.22222222222222,2.0,176.2868592337932
30,52.22222222222222,2.0,179.20888546754318
31,52.22222222222222,2.0,181.4004051428557
32,52.22222222222222,2.0,182.86141825973067
33,52.22222222222222,2.0,185.0529379350432
34,52.22222222222222,2.0,187.97496416879324
35,52.22222222222222,2.0,188.7054707272307
36,52.22222222222222,2.0,191.6274969609807
37,52.22222222222222,2.0,192.35800351941825
38,52.22222222222222,2.0,195.28002975316824
39,52.22222222222222,2.0,196.74104287004323
40,52.22222222222222,2.0,200.39357566223077
6,52.77777777777778,2.0,104.69721650691794
7,52.77777777777778,2.0,112.00228209129298
8,52.77777777777778,2.0,117.11582800035548
9,52.77777777777778,2.0,122.9598804678555
10,52.77777777777778,2.0,126.61241326004301
11,52.77777777777778,2.0,129.53443949379303
12,52.77777777777778,2.0,134.64798540285554
13,52.77777777777778,2.0,138.30051819504308
14,52.77777777777778,2.0,141.95305098723057
15,52.77777777777778,2.0,144.14457066254306
16,52.77777777777778,2.0,147.06659689629308
17,52.77777777777778,2.0,150.7191296884806
18,52.77777777777778,2.0,152.9106493637931
19,52.77777777777778,2.0,155.83267559754307
20,52.77777777777778,2.0,158.02419527285562
21,52.77777777777778,2.0,160.21571494816814
22,52.77777777777778,2.0,162.40723462348063
23,52.77777777777778,2.0,166.05976741566815
24,52.77777777777778,2.0,168.98179364941814
25,52.77777777777778,2.0,169.71230020785566
26,52.77777777777778,2.0,172.63432644160565
27,52.77777777777778,2.0,174.82584611691814
28,52.77777777777778,2.0,177.7478723506682
29,52.77777777777778,2.0,179.9393920259807
30,52.77777777777778,2.0,181.4004051428557
31,52.77777777777778,2.0,183.5919248181682
32,52.77777777777778,2.0,185.78344449348072
33,52.77777777777778,2.0,187.2444576103557
34,52.77777777777778,2.0,190.16648384410573
35,52.77777777777778,2.0,190.8969904025432
36,52.77777777777778,2.0,193.8190166362932
37,52.77777777777778,2.0,196.01053631160573
38,52.77777777777778,2.0,197.47154942848076
39,52.77777777777778,2.0,199.66306910379322
40,52.77777777777778,2.0,201.85458877910574
6,53.333333333333336,2.0,106.15822962379295
7,53.333333333333336,2.0,114.19380176660547
8,53.333333333333336,2.0,117.84633455879299
9,53.333333333333336,2.0,123.69038702629298
10,53.333333333333336,2.0,127.34291981848052
11,53.333333333333336,2.0,131.72595916910552
12,53.333333333333336,2.0,136.10899851973056
13,53.333333333333336,2.0,139.03102475348055
14,53.333333333333336,2.0,142.68355754566807
15,53.333333333333336,2.0,146.33609033785558
16,53.333333333333336,2.0,148.5276100131681
17,53.333333333333336,2.0,152.1801428053556
18,53.333333333333336,2.0,155.1021690391056
19,53.333333333333336,2.0,157.29368871441815
20,53.333333333333336,2.0,160.21571494816814
21,53.333333333333336,2.0,162.40723462348063
22,53.333333333333336,2.0,166.05976741566815
23,53.333333333333336,2.0,167.52078053254314
24,53.333333333333336,2.0,171.17331332473066
25,53.333333333333336,2.0,172.63432644160565
26,53.333333333333336,2.0,174.82584611691814
27,53.333333333333336,2.0,177.7478723506682
28,53.333333333333336,2.0,179.9393920259807
29,53.333333333333336,2.0,182.1309117012932
30,53.333333333333336,2.0,185.0529379350432
31,53.333333333333336,2.0,185.78344449348072
32,53.333333333333336,2.0,188.7054707272307
33,53.333333333333336,2.0,189.43597728566823
34,53.333333333333336,2.0,192.35800351941825
35,53.333333333333336,2.0,194.54952319473074
36,53.333333333333336,2.0,197.47154942848076
37,53.333333333333336,2.0,198.20205598691825
38,53.333333333333336,2.0,201.12408222066824
39,53.333333333333336,2.0,201.85458877910574
40,53.333333333333336,2.0,204.77661501285576
6,53.888888888888886,2.0,106.88873618223045
7,53.888888888888886,2.0,115.65481488348047
8,53.888888888888886,2.0,120.03785423410551
9,53.888888888888886,2.0,125.151400143168
10,53.888888888888886,2.0,128.8039329353555
11,53.888888888888886,2.0,133.91747884441804
12,53.888888888888886,2.0,139.03102475348055
13,53.888888888888886,2.0,141.22254442879304
14,53.888888888888886,2.0,144.8750772209806
15,53.888888888888886,2.0,148.5276100131681
16,53.888888888888886,2.0,151.4496362469181
17,53.888888888888886,2.0,155.1021690391056
18,53.888888888888886,2.0,157.29368871441815
19,53.888888888888886,2.0,159.48520838973062
20,53.888888888888886,2.0,162.40723462348063
21,53.888888888888886,2.0,164.59875429879312
22,53.888888888888886,2.0,168.25128709098067
23,53.888888888888886,2.0,170.44280676629316
24,53.888888888888886,2.0,173.36483300004318
25,53.888888888888886,2.0,174.82584611691814
26,53.888888888888886,2.0,177.01736579223066
27,53.888888888888886,2.0,179.20888546754318
28,53.888888888888886,2.0,182.1309117012932
29,53.888888888888886,2.0,184.32243137660572
30,53.888888888888886,2.0,186.5139510519182
31,53.888888888888886,2.0,187.97496416879324
32,53.888888888888886,2.0,190.8969904025432
33,53.888888888888886,2.0,191.6274969609807
34,53.888888888888886,2.0,194.54952319473074
35,53.888888888888886,2.0,196.74104287004323
36,53.888888888888886,2.0,199.66306910379322
37,53.888888888888886,2.0,200.39357566223077
38,53.888888888888886,2.0,203.31560189598076
39,53.888888888888886,2.0,204.04610845441826
40,53.888888888888886,2.0,207.69864124660575
6,54.44444444444444,2.0,109.08025585754295
7,54.44444444444444,2.0,117.11582800035548
8,54.44444444444444,2.0,120.768360792543
9,54.44444444444444,2.0,127.34291981848052
10,54.44444444444444,2.0,130.99545261066802
11,54.44444444444444,2.0,134.64798540285554
12,54.44444444444444,2.0,139.76153131191802
13,54.44444444444444,2.0,143.41406410410556
14,54.44444444444444,2.0,147.06659689629308
15,54.44444444444444,2.0,149.25811657160563
16,54.44444444444444,2.0,152.9106493637931
17,54.44444444444444,2.0,155.83267559754307
18,54.44444444444444,2.0,159.48520838973062
19,54.44444444444444,2.0,161.67672806504314
20,54.44444444444444,2.0,164.59875429879312
21,54.44444444444444,2.0,166.79027397410562
22,54.44444444444444,2.0,170.44280676629316
23,54.44444444444444,2.0,172.63432644160565
24,54.44444444444444,2.0,174.09533955848067
25,54.44444444444444,2.0,177.01736579223066
26,54.44444444444444,2.0,180.66989858441818
27,54.44444444444444,2.0,181.4004051428557
28,54.44444444444444,2.0,184.32243137660572
29,54.44444444444444,2.0,186.5139510519182
30,54.44444444444444,2.0,188.7054707272307
31,54.44444444444444,2.0,190.16648384410573
32,54.44444444444444,2.0,193.08851007785572
33,54.44444444444444,2.0,195.28002975316824
34,54.44444444444444,2.0,197.47154942848076
35,54.44444444444444,2.0,198.93256254535575
36,54.44444444444444,2.0,201.12408222066824
37,54.44444444444444,2.0,204.04610845441826
38,54.44444444444444,2.0,204.77661501285576
39,54.44444444444444,2.0,207.69864124660575
40,54.44444444444444,2.0,209.89016092191827
6,55.0,2.0,109.81076241598046
7,55.0,2.0,117.84633455879299
8,55.0,2.0,122.9598804678555
9,55.0,2.0,128.07342637691804
10,55.0,2.0,133.18697228598052
11,55.0,2.0,136.83950507816803
12,55.0,2.0,141.95305098723057
13,55.0,2.0,145.60558377941808
14,55.0,2.0,149.25811657160563
15,55.0,2.0,151.4496362469181
16,55.0,2.0,155.1021690391056
17,55.0,2.0,158.02419527285562
18,55.0,2.0,161.67672806504314
19,55.0,2.0,163.8682477403556
20,55.0,2.0,166.79027397410562
21,55.0,2.0,168.98179364941814
22,55.0,2.0,172.63432644160565
23,55.0,2.0,175.55635267535567
24,55.0,2.0,177.7478723506682
25,55.0,2.0,179.9393920259807
26,55.0,2.0,182.86141825973067
27,55.0,2.0,184.32243137660572
28,55.0,2.0,187.97496416879324
29,55.0,2.0,188.7054707272307
30,55.0,2.0,191.6274969609807
31,55.0,2.0,193.8190166362932
32,55.0,2.0,195.28002975316824
33,55.0,2.0,197.47154942848076
34,55.0,2.0,200.39357566223077
35,55.0,2.0,202.58509533754327
36,55.0,2.0,204.77661501285576
37,55.0,2.0,206.23762812973078
38,55.0,2.0,208.42914780504327
39,55.0,2.0,209.89016092191827
40,55.0,2.0,212.0816805972308
6,55.55555555555556,2.0,110.54126897441796
7,55.55555555555556,2.0,119.307347675668
8,55.55555555555556,2.0,124.42089358473052
9,55.55555555555556,2.0,130.26494605223056
10,55.55555555555556,2.0,133.91747884441804
11,55.55555555555556,2.0,139.03102475348055
12,55.55555555555556,2.0,142.68355754566807
13,55.55555555555556,2.0,146.33609033785558
14,55.55555555555556,2.0,149.9886231300431
15,55.55555555555556,2.0,153.6411559222306
16,55.55555555555556,2.0,157.29368871441815
17,55.55555555555556,2.0,160.21571494816814
18,55.55555555555556,2.0,163.8682477403556
19,55.55555555555556,2.0,166.05976741566815
20,55.55555555555556,2.0,168.98179364941814
21,55.55555555555556,2.0,171.17331332473066
22,55.55555555555556,2.0,174.82584611691814
23,55.55555555555556,2.0,176.2868592337932
24,55.55555555555556,2.0,179.9393920259807
25,55.55555555555556,2.0,182.1309117012932
26,55.55555555555556,2.0,185.0529379350432
27,55.55555555555556,2.0,187.2444576103557
28,55.55555555555556,2.0,189.43597728566823
29,55.55555555555556,2.0,190.8969904025432
30,55.55555555555556,2.0,193.8190166362932
31,55.55555555555556,2.0,196.01053631160573
32,55.55555555555556,2.0,198.20205598691825
33,55.55555555555556,2.0,199.66306910379322
34,55.55555555555556,2.0,202.58509533754327
35,55.55555555555556,2.0,204.77661501285576
36,55.55555555555556,2.0,206.96813468816828
37,55.55555555555556,2.0,208.42914780504327
38,55.55555555555556,2.0,210.6206674803558
39,55.55555555555556,2.0,213.5426937141058
40,55.55555555555556,2.0,215.73421338941827
6,56.111111111111114,2.0,112.73278864973048
7,56.111111111111114,2.0,121.49886735098052
8,56.111111111111114,2.0,126.61241326004301
9,56.111111111111114,2.0,131.72595916910552
10,56.111111111111114,2.0,136.10899851973056
11,56.111111111111114,2.0,139.76153131191802
12,56.111111111111114,2.0,144.8750772209806
13,56.111111111111114,2.0,148.5276100131681
14,56.111111111111114,2.0,152.1801428053556
15,56.111111111111114,2.0,155.83267559754307
16,56.111111111111114,2.0,160.21571494816814
17,56.111111111111114,2.0,162.40723462348063
18,56.111111111111114,2.0,166.05976741566815
19,56.111111111111114,2.0,168.25128709098067
20,56.111111111111114,2.0,171.17331332473066
21,56.111111111111114,2.0,173.36483300004318
22,56.111111111111114,2.0,177.01736579223066
23,56.111111111111114,2.0,179.9393920259807
24,56.111111111111114,2.0,182.1309117012932
25,56.111111111111114,2.0,184.32243137660572
26,56.111111111111114,2.0,187.2444576103557
27,56.111111111111114,2.0,189.43597728566823
28,56.111111111111114,2.0,191.6274969609807
29,56.111111111111114,2.0,193.08851007785572
30,56.111111111111114,2.0,196.01053631160573
31,56.111111111111114,2.0,198.20205598691825
32,56.111111111111114,2.0,200.39357566223077
33,56.111111111111114,2.0,203.31560189598076
34,56.111111111111114,2.0,205.50712157129328
35,56.111111111111114,2.0,206.96813468816828
36,56.111111111111114,2.0,209.15965436348077
37,56.111111111111114,2.0,210.6206674803558
38,56.111111111111114,2.0,214.2732002725433
39,56.111111111111114,2.0,215.73421338941827
40,56.111111111111114,2.0,217.9257330647308
6,56.666666666666664,2.0,114.19380176660547
7,56.666666666666664,2.0,122.229373909418
8,56.666666666666664,2.0,127.34291981848052
9,56.666666666666664,2.0,133.18697228598052
10,56.666666666666664,2.0,137.57001163660556
11,56.666666666666664,2.0,141.95305098723057
12,56.666666666666664,2.0,147.06659689629308
13,56.666666666666664,2.0,150.7191296884806
14,56.666666666666664,2.0,154.3716624806681
15,56.666666666666664,2.0,158.02419527285562
16,56.666666666666664,2.0,162.40723462348063
17,56.666666666666664,2.0,164.59875429879312
18,56.666666666666664,2.0,166.79027397410562
19,56.666666666666664,2.0,171.17331332473066
20,56.666666666666664,2.0,173.36483300004318
21,56.666666666666664,2.0,175.55635267535567
22,56.666666666666664,2.0,178.4783789091057
23,56.666666666666664,2.0,180.66989858441818
24,56.666666666666664,2.0,184.32243137660572
25,56.666666666666664,2.0,187.2444576103557
26,56.666666666666664,2.0,189.43597728566823
27,56.666666666666664,2.0,191.6274969609807
28,56.666666666666664,2.0,194.54952319473074
29,56.666666666666664,2.0,195.28002975316824
30,56.666666666666664,2.0,198.20205598691825
31,56.666666666666664,2.0,200.39357566223077
32,56.666666666666664,2.0,203.31560189598076
33,56.666666666666664,2.0,205.50712157129328
34,56.666666666666664,2.0,207.69864124660575
35,56.666666666666664,2.0,209.15965436348077
36,56.666666666666664,2.0,211.3511740387933
37,56.666666666666664,2.0,214.2732002725433
38,56.666666666666664,2.0,216.4647199478558
39,56.666666666666664,2.0,218.6562396231683
40,56.666666666666664,2.0,221.57826585691834
6,57.22222222222222,2.0,114.92430832504299
7,57.22222222222222,2.0,123.69038702629298
8,57.22222222222222,2.0,128.8039329353555
9,57.22222222222222,2.0,134.64798540285554
10,57.22222222222222,2.0,139.76153131191802
11,57.22222222222222,2.0,144.8750772209806
12,57.22222222222222,2.0,148.5276100131681
13,57.22222222222222,2.0,152.1801428053556
14,57.22222222222222,2.0,156.5631821559806
15,57.22222222222222,2.0,160.21571494816814
16,57.22222222222222,2.0,163.13774118191813
17,57.22222222222222,2.0,166.79027397410562
18,57.22222222222222,2.0,168.98179364941814
19,57.22222222222222,2.0,172.63432644160565
20,57.22222222222222,2.0,175.55635267535567
21,57.22222222222222,2.0,177.7478723506682
22,57.22222222222222,2.0,180.66989858441818
23,57.22222222222222,2.0,184.32243137660572
24,57.22222222222222,2.0,186.5139510519182
25,57.22222222222222,2.0,188.7054707272307
26,57.22222222222222,2.0,191.6274969609807
27,57.22222222222222,2.0,193.8190166362932
28,57.22222222222222,2.0,196.74104287004323
29,57.22222222222222,2.0,197.47154942848076
30,57.22222222222222,2.0,201.12408222066824
31,57.22222222222222,2.0,202.58509533754327
32,57.22222222222222,2.0,205.50712157129328
33,57.22222222222222,2.0,207.69864124660575
34,57.22222222222222,2.0,209.89016092191827
35,57.22222222222222,2.0,212.81218715566828
36,57.22222222222222,2.0,215.0037068309808
37,57.22222222222222,2.0,216.4647199478558
38,57.22222222222222,2.0,218.6562396231683
39,57.22222222222222,2.0,221.57826585691834
40,57.22222222222222,2.0,223.7697855322308
6,57.77777777777778,2.0,117.11582800035548
7,57.77777777777778,2.0,125.88190670160553
8,57.77777777777778,2.0,130.26494605223056
9,57.77777777777778,2.0,135.37849196129304
10,57.77777777777778,2.0,140.49203787035557
11,57.77777777777778,2.0,145.60558377941808
12,57.77777777777778,2.0,150.7191296884806
13,57.77777777777778,2.0,154.3716624806681
14,57.77777777777778,2.0,158.75470183129312
15,57.77777777777778,2.0,161.67672806504314
16,57.77777777777778,2.0,165.32926085723068
17,57.77777777777778,2.0,168.98179364941814
18,57.77777777777778,2.0,171.17331332473066
19,57.77777777777778,2.0,174.82584611691814
20,57.77777777777778,2.0,177.7478723506682
21,57.77777777777778,2.0,179.9393920259807
22,57.77777777777778,2.0,182.86141825973067
23,57.77777777777778,2.0,186.5139510519182
24,57.77777777777778,2.0,188.7054707272307
25,57.77777777777778,2.0,190.8969904025432
26,57.77777777777778,2.0,193.8190166362932
27,57.77777777777778,2.0,196.01053631160573
28,57.77777777777778,2.0,198.93256254535575
29,57.77777777777778,2.0,201.12408222066824
30,57.77777777777778,2.0,203.31560189598076
31,57.77777777777778,2.0,206.23762812973078
32,57.77777777777778,2.0,208.42914780504327
33,57.77777777777778,2.0,209.89016092191827
34,57.77777777777778,2.0,212.0816805972308
35,57.77777777777778,2.0,215.0037068309808
36,57.77777777777778,2.0,217.19522650629335
37,57.77777777777778,2.0,220.1172527400433
38,57.77777777777778,2.0,222.30877241535583
39,57.77777777777778,2.0,223.7697855322308
40,57.77777777777778,2.0,225.96130520754335
6,58.333333333333336,2.0,117.84633455879299
7,58.333333333333336,2.0,126.61241326004301
8,58.333333333333336,2.0,131.72595916910552
9,58.333333333333336,2.0,137.57001163660556
10,58.333333333333336,2.0,142.68355754566807
11,58.333333333333336,2.0,147.79710345473055
12,58.333333333333336,2.0,152.9106493637931
13,58.333333333333336,2.0,156.5631821559806
14,58.333333333333336,2.0,160.21571494816814
15,58.333333333333336,2.0,163.8682477403556
16,58.333333333333336,2.0,167.52078053254314
17,58.333333333333336,2.0,169.71230020785566
18,58.333333333333336,2.0,174.09533955848067
19,58.333333333333336,2.0,176.2868592337932
20,58.333333333333336,2.0,179.9393920259807
21,58.333333333333336,2.0,182.1309117012932
22,58.333333333333336,2.0,185.0529379350432
23,58.333333333333336,2.0,188.7054707272307
24,58.333333333333336,2.0,190.8969904025432
25,58.333333333333336,2.0,193.8190166362932
26,58.333333333333336,2.0,196.01053631160573
27,58.333333333333336,2.0,198.20205598691825
28,58.333333333333336,2.0,201.12408222066824
29,58.333333333333336,2.0,203.31560189598076
30,58.333333333333336,2.0,206.23762812973078
31,58.333333333333336,2.0,208.42914780504327
32,58.333333333333336,2.0,210.6206674803558
33,58.333333333333336,2.0,213.5426937141058
34,58.333333333333336,2.0,214.2732002725433
35,58.333333333333336,2.0,217.19522650629335
36,58.333333333333336,2.0,219.38674618160582
37,58.333333333333336,2.0,221.57826585691834
38,58.333333333333336,2.0,224.50029209066832
39,58.333333333333336,2.0,226.69181176598082
40,58.333333333333336,2.0,228.15282488285584
6,58.888888888888886,2.0,119.307347675668
7,58.888888888888886,2.0,127.34291981848052
8,58.888888888888886,2.0,133.91747884441804
9,58.888888888888886,2.0,139.03102475348055
10,58.888888888888886,2.0,143.41406410410556
11,58.888888888888886,2.0,148.5276100131681
12,58.888888888888886,2.0,153.6411559222306
13,58.888888888888886,2.0,157.29368871441815
14,58.888888888888886,2.0,162.40723462348063
15,58.888888888888886,2.0,166.05976741566815
16,58.888888888888886,2.0,169.71230020785566
17,58.888888888888886,2.0,171.90381988316813
18,58.888888888888886,2.0,175.55635267535567
19,58.888888888888886,2.0,178.4783789091057
20,58.888888888888886,2.0,182.1309117012932
21,58.888888888888886,2.0,184.32243137660572
22,58.888888888888886,2.0,187.97496416879324
23,58.888888888888886,2.0,190.8969904025432
24,58.888888888888886,2.0,193.08851007785572
25,58.888888888888886,2.0,195.28002975316824
26,58.888888888888886,2.0,198.20205598691825
27,58.888888888888886,2.0,200.39357566223077
28,58.888888888888886,2.0,203.31560189598076
29,58.888888888888886,2.0,205.50712157129328
30,58.888888888888886,2.0,208.42914780504327
31,58.888888888888886,2.0,210.6206674803558
32,58.888888888888886,2.0,212.81218715566828
33,58.888888888888886,2.0,215.73421338941827
34,58.888888888888886,2.0,217.9257330647308
35,58.888888888888886,2.0,220.8477592984808
36,58.888888888888886,2.0,223.03927897379333
37,58.888888888888886,2.0,225.23079864910582
38,58.888888888888886,2.0,226.69181176598082
39,58.888888888888886,2.0,228.88333144129334
40,58.888888888888886,2.0,231.80535767504333
6,59.44444444444444,2.0,120.03785423410551
7,59.44444444444444,2.0,128.8039329353555
8,59.44444444444444,2.0,134.64798540285554
9,59.44444444444444,2.0,141.22254442879304
10,59.44444444444444,2.0,145.60558377941808
11,59.44444444444444,2.0,150.7191296884806
12,59.44444444444444,2.0,155.83267559754307
13,59.44444444444444,2.0,159.48520838973062
14,59.44444444444444,2.0,164.59875429879312
15,59.44444444444444,2.0,168.25128709098067
16,59.44444444444444,2.0,171.90381988316813
17,59.44444444444444,2.0,174.09533955848067
18,59.44444444444444,2.0,177.7478723506682
19,59.44444444444444,2.0,181.4004051428557
20,59.44444444444444,2.0,184.32243137660572
21,59.44444444444444,2.0,186.5139510519182
22,59.44444444444444,2.0,190.16648384410573
23,59.44444444444444,2.0,193.08851007785572
24,59.44444444444444,2.0,195.28002975316824
25,59.44444444444444,2.0,197.47154942848076
26,59.44444444444444,2.0,200.39357566223077
27,59.44444444444444,2.0,202.58509533754327
28,59.44444444444444,2.0,205.50712157129328
29,59.44444444444444,2.0,207.69864124660575
30,59.44444444444444,2.0,211.3511740387933
31,59.44444444444444,2.0,212.81218715566828
32,59.44444444444444,2.0,215.0037068309808
33,59.44444444444444,2.0,217.9257330647308
34,59.44444444444444,2.0,220.1172527400433
35,59.44444444444444,2.0,223.03927897379333
36,59.44444444444444,2.0,225.23079864910582
37,59.44444444444444,2.0,227.42231832441834
38,59.44444444444444,2.0,230.34434455816836
39,59.44444444444444,2.0,231.07485111660586
40,59.44444444444444,2.0,233.99687735035585
6,60.0,2.0,122.229373909418
7,60.0,2.0,130.26494605223056
8,60.0,2.0,135.37849196129304
9,60.0,2.0,141.95305098723057
10,60.0,2.0,147.79710345473055
11,60.0,2.0,151.4496362469181
12,60.0,2.0,158.02419527285562
13,60.0,2.0,161.67672806504314
14,60.0,2.0,166.79027397410562
15,60.0,2.0,168.98179364941814
16,60.0,2.0,172.63432644160565
17,60.0,2.0,176.2868592337932
18,60.0,2.0,180.66989858441818
19,60.0,2.0,182.86141825973067
20,60.0,2.0,186.5139510519182
21,60.0,2.0,188.7054707272307
22,60.0,2.0,193.08851007785572
23,60.0,2.0,195.28002975316824
24,60.0,2.0,197.47154942848076
25,60.0,2.0,200.39357566223077
26,60.0,2.0,202.58509533754327
27,60.0,2.0,204.77661501285576
28,60.0,2.0,209.15965436348077
29,60.0,2.0,209.89016092191827
30,60.0,2.0,213.5426937141058
31,60.0,2.0,215.0037068309808
32,60.0,2.0,217.19522650629335
33,60.0,2.0,220.1172527400433
34,60.0,2.0,223.7697855322308
35,60.0,2.0,224.50029209066832
36,60.0,2.0,227.42231832441834
37,60.0,2.0,229.61383799973086
38,60.0,2.0,232.53586423348082
39,60.0,2.0,234.72738390879334
40,60.0,2.0,236.18839702566837
6,60.55555555555556,2.0,122.9598804678555
7,60.55555555555556,2.0,131.72595916910552
8,60.55555555555556,2.0,137.57001163660556
9,60.55555555555556,2.0,144.14457066254306
10,60.55555555555556,2.0,149.25811657160563
11,60.55555555555556,2.0,153.6411559222306
12,60.55555555555556,2.0,158.75470183129312
13,60.55555555555556,2.0,163.8682477403556
14,60.55555555555556,2.0,167.52078053254314
15,60.55555555555556,2.0,171.17331332473066
16,60.55555555555556,2.0,174.82584611691814
17,60.55555555555556,2.0,178.4783789091057
18,60.55555555555556,2.0,182.1309117012932
19,60.55555555555556,2.0,185.0529379350432
20,60.55555555555556,2.0,188.7054707272307
21,60.55555555555556,2.0,190.8969904025432
22,60.55555555555556,2.0,194.54952319473074
23,60.55555555555556,2.0,197.47154942848076
24,60.55555555555556,2.0,199.66306910379322
25,60.55555555555556,2.0,202.58509533754327
26,60.55555555555556,2.0,204.77661501285576
27,60.55555555555556,2.0,206.96813468816828
28,60.55555555555556,2.0,211.3511740387933
29,60.55555555555556,2.0,213.5426937141058
30,60.55555555555556,2.0,215.73421338941827
31,60.55555555555556,2.0,218.6562396231683
32,60.55555555555556,2.0,220.8477592984808
33,60.55555555555556,2.0,223.7697855322308
34,60.55555555555556,2.0,225.96130520754335
35,60.55555555555556,2.0,228.15282488285584
36,60.55555555555556,2.0,229.61383799973086
37,60.55555555555556,2.0,231.80535767504333
38,60.55555555555556,2.0,234.72738390879334
39,60.55555555555556,2.0,236.91890358410586
40,60.55555555555556,2.0,239.8409298178559
6,61.111111111111114,2.0,123.69038702629298
7,61.111111111111114,2.0,132.45646572754305
8,61.111111111111114,2.0,139.03102475348055
9,61.111111111111114,2.0,328.2322233887937
10,61.111111111111114,2.0,151.4496362469181
11,61.111111111111114,2.0,155.83267559754307
12,61.111111111111114,2.0,160.94622150660564
13,61.111111111111114,2.0,166.05976741566815
14,61.111111111111114,2.0,169.71230020785566
15,61.111111111111114,2.0,173.36483300004318
16,61.111111111111114,2.0,177.01736579223066
17,61.111111111111114,2.0,180.66989858441818
18,61.111111111111114,2.0,184.32243137660572
19,61.111111111111114,2.0,187.2444576103557
20,61.111111111111114,2.0,190.8969904025432
21,61.111111111111114,2.0,193.08851007785572
22,61.111111111111114,2.0,196.74104287004323
23,61.111111111111114,2.0,199.66306910379322
24,61.111111111111114,2.0,201.85458877910574
25,61.111111111111114,2.0,204.77661501285576
26,61.111111111111114,2.0,208.42914780504327
27,61.111111111111114,2.0,210.6206674803558
28,61.111111111111114,2.0,212.81218715566828
29,61.111111111111114,2.0,215.73421338941827
30,61.111111111111114,2.0,217.9257330647308
31,61.111111111111114,2.0,220.8477592984808
32,61.111111111111114,2.0,223.03927897379333
33,61.111111111111114,2.0,225.96130520754335
34,61.111111111111114,2.0,228.15282488285584
35,61.111111111111114,2.0,230.34434455816836
36,61.111111111111114,2.0,233.26637079191835
37,61.111111111111114,2.0,235.45789046723087
38,61.111111111111114,2.0,238.37991670098089
39,61.111111111111114,2.0,240.5714363762934
40,61.111111111111114,2.0,242.03244949316837
6,61.666666666666664,2.0,125.88190670160553
7,61.666666666666664,2.0,134.64798540285554
8,61.666666666666664,2.0,139.76153131191802
9,61.666666666666664,2.0,145.60558377941808
10,61.666666666666664,2.0,152.1801428053556
11,61.666666666666664,2.0,157.29368871441815
12,61.666666666666664,2.0,163.13774118191813
13,61.666666666666664,2.0,166.79027397410562
14,61.666666666666664,2.0,171.90381988316813
15,61.666666666666664,2.0,175.55635267535567
16,61.666666666666664,2.0,179.20888546754318
17,61.666666666666664,2.0,183.5919248181682
18,61.666666666666664,2.0,187.2444576103557
19,61.666666666666664,2.0,189.43597728566823
20,61.666666666666664,2.0,193.08851007785572
21,61.666666666666664,2.0,196.01053631160573
22,61.666666666666664,2.0,199.66306910379322
23,61.666666666666664,2.0,201.85458877910574
24,61.666666666666664,2.0,204.04610845441826
25,61.666666666666664,2.0,206.96813468816828
26,61.666666666666664,2.0,210.6206674803558
27,61.666666666666664,2.0,212.81218715566828
28,61.666666666666664,2.0,215.73421338941827
29,61.666666666666664,2.0,217.9257330647308
30,61.666666666666664,2.0,220.1172527400433
31,61.666666666666664,2.0,223.03927897379333
32,61.666666666666664,2.0,225.23079864910582
33,61.666666666666664,2.0,227.42231832441834
34,61.666666666666664,2.0,230.34434455816836
35,61.666666666666664,2.0,232.53586423348082
36,61.666666666666664,2.0,235.45789046723087
37,61.666666666666664,2.0,237.6494101425434
38,61.666666666666664,2.0,239.8409298178559
39,61.666666666666664,2.0,242.76295605160587
40,61.666666666666664,2.0,244.9544757269184
6,62.22222222222222,2.0,126.61241326004301
7,62.22222222222222,2.0,135.37849196129304
8,62.22222222222222,2.0,141.95305098723057
9,62.22222222222222,2.0,148.5276100131681
10,62.22222222222222,2.0,154.3716624806681
11,62.22222222222222,2.0,159.48520838973062
12,62.22222222222222,2.0,164.59875429879312
13,62.22222222222222,2.0,168.98179364941814
14,62.22222222222222,2.0,172.63432644160565
15,62.22222222222222,2.0,177.7478723506682
16,62.22222222222222,2.0,181.4004051428557
17,62.22222222222222,2.0,185.0529379350432
18,62.22222222222222,2.0,187.97496416879324
19,62.22222222222222,2.0,191.6274969609807
20,62.22222222222222,2.0,195.28002975316824
21,62.22222222222222,2.0,197.47154942848076
22,62.22222222222222,2.0,201.12408222066824
23,62.22222222222222,2.0,204.04610845441826
24,62.22222222222222,2.0,206.23762812973078
25,62.22222222222222,2.0,209.15965436348077
26,62.22222222222222,2.0,212.81218715566828
27,62.22222222222222,2.0,215.0037068309808
28,62.22222222222222,2.0,217.9257330647308
29,62.22222222222222,2.0,220.1172527400433
30,62.22222222222222,2.0,222.30877241535583
31,62.22222222222222,2.0,225.23079864910582
32,62.22222222222222,2.0,227.42231832441834
33,62.22222222222222,2.0,231.07485111660586
34,62.22222222222222,2.0,232.53586423348082
35,62.22222222222222,2.0,234.72738390879334
36,62.22222222222222,2.0,238.37991670098089
37,62.22222222222222,2.0,239.8409298178559
38,62.22222222222222,2.0,243.49346261004337
39,62.22222222222222,2.0,244.9544757269184
40,62.22222222222222,2.0,247.1459954022309
6,62.77777777777778,2.0,128.07342637691804
7,62.77777777777778,2.0,138.30051819504308
8,62.77777777777778,2.0,142.68355754566807
9,62.77777777777778,2.0,149.25811657160563
10,62.77777777777778,2.0,155.1021690391056
11,62.77777777777778,2.0,160.21571494816814
12,62.77777777777778,2.0,166.79027397410562
13,62.77777777777778,2.0,171.17331332473066
14,62.77777777777778,2.0,174.82584611691814
15,62.77777777777778,2.0,179.20888546754318
16,62.77777777777778,2.0,183.5919248181682
17,62.77777777777778,2.0,187.2444576103557
18,62.77777777777778,2.0,190.16648384410573
19,62.77777777777778,2.0,193.8190166362932
20,62.77777777777778,2.0,197.47154942848076
21,62.77777777777778,2.0,199.66306910379322
22,62.77777777777778,2.0,203.31560189598076
23,62.77777777777778,2.0,206.23762812973078
24,62.77777777777778,2.0,208.42914780504327
25,62.77777777777778,2.0,212.0816805972308
26,62.77777777777778,2.0,215.0037068309808
27,62.77777777777778,2.0,217.19522650629335
28,62.77777777777778,2.0,220.1172527400433
29,62.77777777777778,2.0,222.30877241535583
30,62.77777777777778,2.0,224.50029209066832
31,62.77777777777778,2.0,228.88333144129334
32,62.77777777777778,2.0,231.07485111660586
33,62.77777777777778,2.0,233.26637079191835
34,62.77777777777778,2.0,236.18839702566837
35,62.77777777777778,2.0,238.37991670098089
36,62.77777777777778,2.0,241.30194293473085
37,62.77777777777778,2.0,243.49346261004337
38,62.77777777777778,2.0,245.6849822853559
39,62.77777777777778,2.0,248.60700851910588
40,62.77777777777778,2.0,249.33751507754343
6,63.333333333333336,2.0,128.8039329353555
7,63.333333333333336,2.0,139.03102475348055
8,63.333333333333336,2.0,144.8750772209806
9,63.333333333333336,2.0,151.4496362469181
10,63.333333333333336,2.0,156.5631821559806
11,63.333333333333336,2.0,162.40723462348063
12,63.333333333333336,2.0,168.25128709098067
13,63.333333333333336,2.0,172.63432644160565
14,63.333333333333336,2.0,177.01736579223066
15,63.333333333333336,2.0,181.4004051428557
16,63.333333333333336,2.0,185.78344449348072
17,63.333333333333336,2.0,188.7054707272307
18,63.333333333333336,2.0,192.35800351941825
19,63.333333333333336,2.0,196.01053631160573
20,63.333333333333336,2.0,199.66306910379322
21,63.333333333333336,2.0,202.58509533754327
22,63.333333333333336,2.0,206.23762812973078
23,63.333333333333336,2.0,208.42914780504327
24,63.333333333333336,2.0,210.6206674803558
25,63.333333333333336,2.0,214.2732002725433
26,63.333333333333336,2.0,217.19522650629335
27,63.333333333333336,2.0,219.38674618160582
28,63.333333333333336,2.0,222.30877241535583
29,63.333333333333336,2.0,224.50029209066832
30,63.333333333333336,2.0,228.15282488285584
31,63.333333333333336,2.0,230.34434455816836
32,63.333333333333336,2.0,233.26637079191835
33,63.333333333333336,2.0,235.45789046723087
34,63.333333333333336,2.0,238.37991670098089
35,63.333333333333336,2.0,240.5714363762934
36,63.333333333333336,2.0,242.76295605160587
37,63.333333333333336,2.0,245.6849822853559
38,63.333333333333336,2.0,247.8765019606684
39,63.333333333333336,2.0,250.7985281944184
40,63.333333333333336,2.0,251.5290347528559
6,63.888888888888886,2.0,130.99545261066802
7,63.888888888888886,2.0,139.76153131191802
8,63.888888888888886,2.0,146.33609033785558
9,63.888888888888886,2.0,152.1801428053556
10,63.888888888888886,2.0,158.75470183129312
11,63.888888888888886,2.0,163.13774118191813
12,63.888888888888886,2.0,169.71230020785566
13,63.888888888888886,2.0,174.82584611691814
14,63.888888888888886,2.0,179.9393920259807
15,63.888888888888886,2.0,183.5919248181682
16,63.888888888888886,2.0,187.97496416879324
17,63.888888888888886,2.0,190.8969904025432
18,63.888888888888886,2.0,194.54952319473074
19,63.888888888888886,2.0,198.20205598691825
20,63.888888888888886,2.0,201.85458877910574
21,63.888888888888886,2.0,204.04610845441826
22,63.888888888888886,2.0,208.42914780504327
23,63.888888888888886,2.0,210.6206674803558
24,63.888888888888886,2.0,212.81218715566828
25,63.888888888888886,2.0,217.19522650629335
26,63.888888888888886,2.0,219.38674618160582
27,63.888888888888886,2.0,221.57826585691834
28,63.888888888888886,2.0,224.50029209066832
29,63.888888888888886,2.0,226.69181176598082
30,63.888888888888886,2.0,230.34434455816836
31,63.888888888888886,2.0,233.26637079191835
32,63.888888888888886,2.0,235.45789046723087
33,63.888888888888886,2.0,237.6494101425434
34,63.888888888888886,2.0,240.5714363762934
35,63.888888888888886,2.0,242.76295605160587
36,63.888888888888886,2.0,246.4154888437934
37,63.888888888888886,2.0,247.8765019606684
38,63.888888888888886,2.0,251.5290347528559
39,63.888888888888886,2.0,252.99004786973092
40,63.888888888888886,2.0,255.18156754504344
6,64.44444444444444,2.0,132.45646572754305
7,64.44444444444444,2.0,141.95305098723057
8,64.44444444444444,2.0,147.06659689629308
9,64.44444444444444,2.0,154.3716624806681
10,64.44444444444444,2.0,160.94622150660564
11,64.44444444444444,2.0,165.32926085723068
12,64.44444444444444,2.0,171.90381988316813
13,64.44444444444444,2.0,177.01736579223066
14,64.44444444444444,2.0,181.4004051428557
15,64.44444444444444,2.0,185.0529379350432
16,64.44444444444444,2.0,190.16648384410573
17,64.44444444444444,2.0,193.08851007785572
18,64.44444444444444,2.0,196.74104287004323
19,64.44444444444444,2.0,200.39357566223077
20,64.44444444444444,2.0,204.04610845441826
21,64.44444444444444,2.0,206.23762812973078
22,64.44444444444444,2.0,209.15965436348077
23,64.44444444444444,2.0,212.81218715566828
24,64.44444444444444,2.0,216.4647199478558
25,64.44444444444444,2.0,218.6562396231683
26,64.44444444444444,2.0,221.57826585691834
27,64.44444444444444,2.0,223.7697855322308
28,64.44444444444444,2.0,227.42231832441834
29,64.44444444444444,2.0,230.34434455816836
30,64.44444444444444,2.0,232.53586423348082
31,64.44444444444444,2.0,235.45789046723087
32,64.44444444444444,2.0,237.6494101425434
33,64.44444444444444,2.0,239.8409298178559
34,64.44444444444444,2.0,244.2239691684809
35,64.44444444444444,2.0,246.4154888437934
36,64.44444444444444,2.0,248.60700851910588
37,64.44444444444444,2.0,251.5290347528559
38,64.44444444444444,2.0,253.7205544281684
39,64.44444444444444,2.0,255.91207410348093
40,64.44444444444444,2.0,257.37308722035596
6,65.0,2.0,133.18697228598052
7,65.0,2.0,142.68355754566807
8,65.0,2.0,149.25811657160563
9,65.0,2.0,155.1021690391056
10,65.0,2.0,161.67672806504314
11,65.0,2.0,167.52078053254314
12,65.0,2.0,174.09533955848067
13,65.0,2.0,177.7478723506682
14,65.0,2.0,182.86141825973067
15,65.0,2.0,187.97496416879324
16,65.0,2.0,191.6274969609807
17,65.0,2.0,195.28002975316824
18,65.0,2.0,198.93256254535575
19,65.0,2.0,202.58509533754327
20,65.0,2.0,205.50712157129328
21,65.0,2.0,209.15965436348077
22,65.0,2.0,211.3511740387933
23,65.0,2.0,215.0037068309808
24,65.0,2.0,218.6562396231683
25,65.0,2.0,221.57826585691834
26,65.0,2.0,223.7697855322308
27,65.0,2.0,225.96130520754335
28,65.0,2.0,229.61383799973086
29,65.0,2.0,232.53586423348082
30,65.0,2.0,234.72738390879334
31,65.0,2.0,236.91890358410586
32,65.0,2.0,239.8409298178559
33,65.0,2.0,243.49346261004337
34,65.0,2.0,245.6849822853559
35,65.0,2.0,248.60700851910588
36,65.0,2.0,250.7985281944184
37,65.0,2.0,253.7205544281684
38,65.0,2.0,255.91207410348093
39,65.0,2.0,258.83410033723095
40,65.0,2.0,261.0256200125434
6,65.55555555555556,2.0,135.37849196129304
7,65.55555555555556,2.0,144.14457066254306
8,65.55555555555556,2.0,149.9886231300431
9,65.55555555555556,2.0,158.02419527285562
10,65.55555555555556,2.0,163.8682477403556
11,65.55555555555556,2.0,168.98179364941814
12,65.55555555555556,2.0,174.82584611691814
13,65.55555555555556,2.0,179.9393920259807
14,65.55555555555556,2.0,185.0529379350432
15,65.55555555555556,2.0,190.16648384410573
16,65.55555555555556,2.0,193.8190166362932
17,65.55555555555556,2.0,197.47154942848076
18,65.55555555555556,2.0,201.12408222066824
19,65.55555555555556,2.0,204.77661501285576
20,65.55555555555556,2.0,208.42914780504327
21,65.55555555555556,2.0,211.3511740387933
22,65.55555555555556,2.0,213.5426937141058
23,65.55555555555556,2.0,217.19522650629335
24,65.55555555555556,2.0,220.8477592984808
25,65.55555555555556,2.0,223.7697855322308
26,65.55555555555556,2.0,225.96130520754335
27,65.55555555555556,2.0,228.15282488285584
28,65.55555555555556,2.0,232.53586423348082
29,65.55555555555556,2.0,234.72738390879334
30,65.55555555555556,2.0,236.91890358410586
31,65.55555555555556,2.0,239.8409298178559
32,65.55555555555556,2.0,243.49346261004337
33,65.55555555555556,2.0,245.6849822853559
34,65.55555555555556,2.0,248.60700851910588
35,65.55555555555556,2.0,250.7985281944184
36,65.55555555555556,2.0,252.99004786973092
37,65.55555555555556,2.0,255.91207410348093
38,65.55555555555556,2.0,259.5646068956684
39,65.55555555555556,2.0,261.75612657098094
40,65.55555555555556,2.0,263.21713968785593
6,66.11111111111111,2.0,136.10899851973056
7,66.11111111111111,2.0,146.33609033785558
8,66.11111111111111,2.0,152.1801428053556
9,66.11111111111111,2.0,158.75470183129312
10,66.11111111111111,2.0,164.59875429879312
11,66.11111111111111,2.0,171.17331332473066
12,66.11111111111111,2.0,177.01736579223066
13,66.11111111111111,2.0,182.1309117012932
14,66.11111111111111,2.0,187.2444576103557
15,66.11111111111111,2.0,190.8969904025432
16,66.11111111111111,2.0,196.01053631160573
17,66.11111111111111,2.0,199.66306910379322
18,66.11111111111111,2.0,203.31560189598076
19,66.11111111111111,2.0,206.96813468816828
20,66.11111111111111,2.0,209.15965436348077
21,66.11111111111111,2.0,213.5426937141058
22,66.11111111111111,2.0,215.73421338941827
23,66.11111111111111,2.0,219.38674618160582
24,66.11111111111111,2.0,223.03927897379333
25,66.11111111111111,2.0,225.96130520754335
26,66.11111111111111,2.0,228.15282488285584
27,66.11111111111111,2.0,231.80535767504333
28,66.11111111111111,2.0,234.72738390879334
29,66.11111111111111,2.0,236.91890358410586
30,66.11111111111111,2.0,239.11042325941838
31,66.11111111111111,2.0,242.03244949316837
32,66.11111111111111,2.0,245.6849822853559
33,66.11111111111111,2.0,247.8765019606684
34,66.11111111111111,2.0,250.7985281944184
35,66.11111111111111,2.0,254.45106098660594
36,66.11111111111111,2.0,256.64258066191843
37,66.11111111111111,2.0,259.5646068956684
38,66.11111111111111,2.0,261.75612657098094
39,66.11111111111111,2.0,263.94764624629346
40,66.11111111111111,2.0,265.40865936316845
6,66.66666666666667,2.0,137.57001163660556
7,66.66666666666667,2.0,147.06659689629308
8,66.66666666666667,2.0,153.6411559222306
9,66.66666666666667,2.0,160.94622150660564
10,66.66666666666667,2.0,166.79027397410562
11,66.66666666666667,2.0,171.90381988316813
12,66.66666666666667,2.0,179.20888546754318
13,66.66666666666667,2.0,184.32243137660572
14,66.66666666666667,2.0,189.43597728566823
15,66.66666666666667,2.0,193.08851007785572
16,66.66666666666667,2.0,198.20205598691825
17,66.66666666666667,2.0,201.85458877910574
18,66.66666666666667,2.0,205.50712157129328
19,66.66666666666667,2.0,208.42914780504327
20,66.66666666666667,2.0,212.0816805972308
21,66.66666666666667,2.0,215.73421338941827
22,66.66666666666667,2.0,219.38674618160582
23,66.66666666666667,2.0,221.57826585691834
24,66.66666666666667,2.0,225.23079864910582
25,66.66666666666667,2.0,228.15282488285584
26,66.66666666666667,2.0,230.34434455816836
27,66.66666666666667,2.0,233.99687735035585
28,66.66666666666667,2.0,236.18839702566837
29,66.66666666666667,2.0,239.11042325941838
30,66.66666666666667,2.0,242.76295605160587
31,66.66666666666667,2.0,244.9544757269184
32,66.66666666666667,2.0,247.8765019606684
33,66.66666666666667,2.0,250.0680216359809
34,66.66666666666667,2.0,253.7205544281684
35,66.66666666666667,2.0,256.64258066191843
36,66.66666666666667,2.0,258.83410033723095
37,66.66666666666667,2.0,261.75612657098094
38,66.66666666666667,2.0,265.40865936316845
39,66.66666666666667,2.0,267.600179038481
40,66.66666666666667,2.0,269.06119215535597
6,67.22222222222223,2.0,139.03102475348055
7,67.22222222222223,2.0,147.79710345473055
8,67.22222222222223,2.0,154.3716624806681
9,67.22222222222223,2.0,161.67672806504314
10,67.22222222222223,2.0,168.25128709098067
11,67.22222222222223,2.0,174.09533955848067
12,67.22222222222223,2.0,180.66989858441818
13,67.22222222222223,2.0,185.78344449348072
14,67.22222222222223,2.0,191.6274969609807
15,67.22222222222223,2.0,195.28002975316824
16,67.22222222222223,2.0,198.93256254535575
17,67.22222222222223,2.0,204.04610845441826
18,67.22222222222223,2.0,207.69864124660575
19,67.22222222222223,2.0,209.89016092191827
20,67.22222222222223,2.0,214.2732002725433
21,67.22222222222223,2.0,217.9257330647308
22,67.22222222222223,2.0,221.57826585691834
23,67.22222222222223,2.0,223.7697855322308
24,67.22222222222223,2.0,227.42231832441834
25,67.22222222222223,2.0,230.34434455816836
26,67.22222222222223,2.0,233.99687735035585
27,67.22222222222223,2.0,236.18839702566837
28,67.22222222222223,2.0,239.11042325941838
29,67.22222222222223,2.0,241.30194293473085
30,67.22222222222223,2.0,244.9544757269184
31,67.22222222222223,2.0,247.8765019606684
32,67.22222222222223,2.0,250.0680216359809
33,67.22222222222223,2.0,253.7205544281684
34,67.22222222222223,2.0,255.91207410348093
35,67.22222222222223,2.0,258.83410033723095
36,67.22222222222223,2.0,261.0256200125434
37,67.22222222222223,2.0,263.94764624629346
38,67.22222222222223,2.0,267.600179038481
39,67.22222222222223,2.0,269.7916987137935
40,67.22222222222223,2.0,271.25271183066843
6,67.77777777777777,2.0,140.49203787035557
7,67.77777777777777,2.0,149.25811657160563
8,67.77777777777777,2.0,156.5631821559806
9,67.77777777777777,2.0,163.8682477403556
10,67.77777777777777,2.0,168.98179364941814
11,67.77777777777777,2.0,176.2868592337932
12,67.77777777777777,2.0,182.86141825973067
13,67.77777777777777,2.0,187.2444576103557
14,67.77777777777777,2.0,192.35800351941825
15,67.77777777777777,2.0,197.47154942848076
16,67.77777777777777,2.0,201.12408222066824
17,67.77777777777777,2.0,206.23762812973078
18,67.77777777777777,2.0,209.89016092191827
19,67.77777777777777,2.0,212.0816805972308
20,67.77777777777777,2.0,216.4647199478558
21,67.77777777777777,2.0,220.1172527400433
22,67.77777777777777,2.0,223.7697855322308
23,67.77777777777777,2.0,225.96130520754335
24,67.77777777777777,2.0,229.61383799973086
25,67.77777777777777,2.0,232.53586423348082
26,67.77777777777777,2.0,236.18839702566837
27,67.77777777777777,2.0,238.37991670098089
28,67.77777777777777,2.0,241.30194293473085
29,67.77777777777777,2.0,244.9544757269184
30,67.77777777777777,2.0,247.1459954022309
31,67.77777777777777,2.0,250.0680216359809
32,67.77777777777777,2.0,253.7205544281684
33,67.77777777777777,2.0,255.91207410348093
34,67.77777777777777,2.0,258.83410033723095
35,67.77777777777777,2.0,261.0256200125434
36,67.77777777777777,2.0,264.6781528047309
37,67.77777777777777,2.0,266.86967248004345
38,67.77777777777777,2.0,269.7916987137935
39,67.77777777777777,2.0,271.983218389106
40,67.77777777777777,2.0,273.444231505981
6,68.33333333333333,2.0,141.22254442879304
7,68.33333333333333,2.0,151.4496362469181
8,68.33333333333333,2.0,341.38134144066873
9,68.33333333333333,2.0,164.59875429879312
10,68.33333333333333,2.0,171.17331332473066
11,68.33333333333333,2.0,177.01736579223066
12,68.33333333333333,2.0,185.0529379350432
13,68.33333333333333,2.0,190.16648384410573
14,68.33333333333333,2.0,194.54952319473074
15,68.33333333333333,2.0,198.93256254535575
16,68.33333333333333,2.0,203.31560189598076
17,68.33333333333333,2.0,206.96813468816828
18,68.33333333333333,2.0,212.0816805972308
19,68.33333333333333,2.0,215.0037068309808
20,68.33333333333333,2.0,218.6562396231683
21,68.33333333333333,2.0,222.30877241535583
22,68.33333333333333,2.0,225.96130520754335
23,68.33333333333333,2.0,228.15282488285584
24,68.33333333333333,2.0,231.80535767504333
25,68.33333333333333,2.0,234.72738390879334
26,68.33333333333333,2.0,238.37991670098089
27,68.33333333333333,2.0,240.5714363762934
28,68.33333333333333,2.0,242.76295605160587
29,68.33333333333333,2.0,247.1459954022309
30,68.33333333333333,2.0,249.33751507754343
31,68.33333333333333,2.0,251.5290347528559
32,68.33333333333333,2.0,255.91207410348093
33,68.33333333333333,2.0,258.1035937787934
34,68.33333333333333,2.0,260.29511345410594
35,68.33333333333333,2.0,263.21713968785593
36,68.33333333333333,2.0,266.86967248004345
37,68.33333333333333,2.0,269.06119215535597
38,68.33333333333333,2.0,273.444231505981
39,68.33333333333333,2.0,275.6357511812935
40,68.33333333333333,2.0,277.0967642981684
6,68.88888888888889,2.0,143.41406410410556
7,68.88888888888889,2.0,152.1801428053556
8,68.88888888888889,2.0,158.75470183129312
9,68.88888888888889,2.0,166.05976741566815
10,68.88888888888889,2.0,173.36483300004318
11,68.88888888888889,2.0,179.9393920259807
12,68.88888888888889,2.0,185.78344449348072
13,68.88888888888889,2.0,192.35800351941825
14,68.88888888888889,2.0,196.74104287004323
15,68.88888888888889,2.0,200.39357566223077
16,68.88888888888889,2.0,205.50712157129328
17,68.88888888888889,2.0,209.15965436348077
18,68.88888888888889,2.0,214.2732002725433
19,68.88888888888889,2.0,217.19522650629335
20,68.88888888888889,2.0,220.8477592984808
21,68.88888888888889,2.0,224.50029209066832
22,68.88888888888889,2.0,228.15282488285584
23,68.88888888888889,2.0,231.07485111660586
24,68.88888888888889,2.0,234.72738390879334
25,68.88888888888889,2.0,236.91890358410586
26,68.88888888888889,2.0,240.5714363762934
27,68.88888888888889,2.0,243.49346261004337
28,68.88888888888889,2.0,247.1459954022309
29,68.88888888888889,2.0,249.33751507754343
30,68.88888888888889,2.0,251.5290347528559
31,68.88888888888889,2.0,255.18156754504344
32,68.88888888888889,2.0,258.1035937787934
33,68.88888888888889,2.0,260.29511345410594
34,68.88888888888889,2.0,263.94764624629346
35,68.88888888888889,2.0,266.86967248004345
36,68.88888888888889,2.0,270.52220527223096
37,68.88888888888889,2.0,272.7137249475435
38,68.88888888888889,2.0,274.90524462285595
39,68.88888888888889,2.0,277.82727085660605
40,68.88888888888889,2.0,279.28828397348093
6,69.44444444444444,2.0,144.14457066254306
7,69.44444444444444,2.0,152.9106493637931
8,69.44444444444444,2.0,160.94622150660564
9,69.44444444444444,2.0,168.25128709098067
10,69.44444444444444,2.0,174.09533955848067
11,69.44444444444444,2.0,181.4004051428557
12,69.44444444444444,2.0,187.97496416879324
13,69.44444444444444,2.0,193.08851007785572
14,69.44444444444444,2.0,198.93256254535575
15,69.44444444444444,2.0,202.58509533754327
16,69.44444444444444,2.0,207.69864124660575
17,69.44444444444444,2.0,211.3511740387933
18,69.44444444444444,2.0,215.0037068309808
19,69.44444444444444,2.0,219.38674618160582
20,69.44444444444444,2.0,223.03927897379333
21,69.44444444444444,2.0,226.69181176598082
22,69.44444444444444,2.0,230.34434455816836
23,69.44444444444444,2.0,232.53586423348082
24,69.44444444444444,2.0,236.18839702566837
25,69.44444444444444,2.0,239.11042325941838
26,69.44444444444444,2.0,242.76295605160587
27,69.44444444444444,2.0,244.9544757269184
28,69.44444444444444,2.0,249.33751507754343
29,69.44444444444444,2.0,251.5290347528559
30,69.44444444444444,2.0,255.18156754504344
31,69.44444444444444,2.0,257.37308722035596
32,69.44444444444444,2.0,260.29511345410594
33,69.44444444444444,2.0,262.48663312941846
34,69.44444444444444,2.0,266.1391659216059
35,69.44444444444444,2.0,269.06119215535597
36,69.44444444444444,2.0,272.7137249475435
37,69.44444444444444,2.0,274.90524462285595
38,69.44444444444444,2.0,277.82727085660605
39,69.44444444444444,2.0,281.4798036487935
40,69.44444444444444,2.0,281.4798036487935
6,70.0,2.0,145.60558377941808
7,70.0,2.0,155.1021690391056
8,70.0,2.0,161.67672806504314
9,70.0,2.0,168.98179364941814
10,70.0,2.0,176.2868592337932
11,70.0,2.0,182.86141825973067
12,70.0,2.0,190.16648384410573
13,70.0,2.0,195.28002975316824
14,70.0,2.0,200.39357566223077
15,70.0,2.0,205.50712157129328
16,70.0,2.0,209.89016092191827
17,70.0,2.0,214.2732002725433
18,70.0,2.0,217.9257330647308
19,70.0,2.0,221.57826585691834
20,70.0,2.0,225.23079864910582
21,70.0,2.0,228.88333144129334
22,70.0,2.0,232.53586423348082
23,70.0,2.0,234.72738390879334
24,70.0,2.0,238.37991670098089
25,70.0,2.0,241.30194293473085
26,70.0,2.0,244.9544757269184
27,70.0,2.0,247.1459954022309
28,70.0,2.0,250.7985281944184
29,70.0,2.0,253.7205544281684
30,70.0,2.0,257.37308722035596
31,70.0,2.0,259.5646068956684
32,70.0,2.0,263.21713968785593
33,70.0,2.0,266.1391659216059
34,70.0,2.0,268.33068559691844
35,70.0,2.0,272.7137249475435
36,70.0,2.0,274.90524462285595
37,70.0,2.0,277.0967642981684
38,70.0,2.0,280.749297090356
39,70.0,2.0,283.67132332410597
40,70.0,2.0,285.132336440981
6,70.55555555555556,2.0,147.79710345473055
7,70.55555555555556,2.0,156.5631821559806
8,70.55555555555556,2.0,163.8682477403556
9,70.55555555555556,2.0,171.17331332473066
10,70.55555555555556,2.0,177.7478723506682
11,70.55555555555556,2.0,185.0529379350432
12,70.55555555555556,2.0,190.8969904025432
13,70.55555555555556,2.0,197.47154942848076
14,70.55555555555556,2.0,202.58509533754327
15,70.55555555555556,2.0,206.96813468816828
16,70.55555555555556,2.0,212.0816805972308
17,70.55555555555556,2.0,215.73421338941827
18,70.55555555555556,2.0,220.1172527400433
19,70.55555555555556,2.0,223.7697855322308
20,70.55555555555556,2.0,227.42231832441834
21,70.55555555555556,2.0,231.07485111660586
22,70.55555555555556,2.0,233.99687735035585
23,70.55555555555556,2.0,237.6494101425434
24,70.55555555555556,2.0,241.30194293473085
25,70.55555555555556,2.0,244.9544757269184
26,70.55555555555556,2.0,247.1459954022309
27,70.55555555555556,2.0,250.0680216359809
28,70.55555555555556,2.0,253.7205544281684
29,70.55555555555556,2.0,255.91207410348093
30,70.55555555555556,2.0,259.5646068956684
31,70.55555555555556,2.0,262.48663312941846
32,70.55555555555556,2.0,266.1391659216059
33,70.55555555555556,2.0,268.33068559691844
34,70.55555555555556,2.0,271.983218389106
35,70.55555555555556,2.0,274.17473806441853
36,70.55555555555556,2.0,277.0967642981684
37,70.55555555555556,2.0,280.749297090356
38,70.55555555555556,2.0,282.9408167656685
39,70.55555555555556,2.0,285.86284299941855
40,70.55555555555556,2.0,286.593349557856
6,71.11111111111111,2.0,148.5276100131681
7,71.11111111111111,2.0,157.29368871441815
8,71.11111111111111,2.0,164.59875429879312
9,71.11111111111111,2.0,171.90381988316813
10,71.11111111111111,2.0,179.9393920259807
11,71.11111111111111,2.0,185.78344449348072
12,71.11111111111111,2.0,193.08851007785572
13,71.11111111111111,2.0,198.20205598691825
14,71.11111111111111,2.0,204.77661501285576
15,71.11111111111111,2.0,209.15965436348077
16,71.11111111111111,2.0,214.2732002725433
17,71.11111111111111,2.0,217.9257330647308
18,71.11111111111111,2.0,222.30877241535583
19,71.11111111111111,2.0,225.96130520754335
20,71.11111111111111,2.0,229.61383799973086
21,71.11111111111111,2.0,233.26637079191835
22,71.11111111111111,2.0,236.91890358410586
23,71.11111111111111,2.0,239.11042325941838
24,71.11111111111111,2.0,243.49346261004337
25,71.11111111111111,2.0,247.1459954022309
26,71.11111111111111,2.0,249.33751507754343
27,71.11111111111111,2.0,252.25954131129342
28,71.11111111111111,2.0,255.91207410348093
29,71.11111111111111,2.0,259.5646068956684
30,71.11111111111111,2.0,261.75612657098094
31,71.11111111111111,2.0,264.6781528047309
32,71.11111111111111,2.0,268.33068559691844
33,71.11111111111111,2.0,270.52220527223096
34,71.11111111111111,2.0,274.17473806441853
35,71.11111111111111,2.0,277.0967642981684
36,71.11111111111111,2.0,280.749297090356
37,71.11111111111111,2.0,282.9408167656685
38,71.11111111111111,2.0,286.593349557856
39,71.11111111111111,2.0,289.51537579160606
40,71.11111111111111,2.0,289.51537579160606
6,71.66666666666667,2.0,149.25811657160563
7,71.66666666666667,2.0,159.48520838973062
8,71.66666666666667,2.0,166.79027397410562
9,71.66666666666667,2.0,174.09533955848067
10,71.66666666666667,2.0,180.66989858441818
11,71.66666666666667,2.0,187.97496416879324
12,71.66666666666667,2.0,196.01053631160573
13,71.66666666666667,2.0,200.39357566223077
14,71.66666666666667,2.0,206.96813468816828
15,71.66666666666667,2.0,212.0816805972308
16,71.66666666666667,2.0,217.19522650629335
17,71.66666666666667,2.0,220.8477592984808
18,71.66666666666667,2.0,224.50029209066832
19,71.66666666666667,2.0,228.15282488285584
20,71.66666666666667,2.0,231.80535767504333
21,71.66666666666667,2.0,235.45789046723087
22,71.66666666666667,2.0,237.6494101425434
23,71.66666666666667,2.0,241.30194293473085
24,71.66666666666667,2.0,244.9544757269184
25,71.66666666666667,2.0,248.60700851910588
26,71.66666666666667,2.0,251.5290347528559
27,71.66666666666667,2.0,255.18156754504344
28,71.66666666666667,2.0,257.37308722035596
29,71.66666666666667,2.0,261.75612657098094
30,71.66666666666667,2.0,263.94764624629346
31,71.66666666666667,2.0,266.1391659216059
32,71.66666666666667,2.0,270.52220527223096
33,71.66666666666667,2.0,274.17473806441853
34,71.66666666666667,2.0,276.36625773973105
35,71.66666666666667,2.0,279.28828397348093
36,71.66666666666667,2.0,282.9408167656685
37,71.66666666666667,2.0,285.132336440981
38,71.66666666666667,2.0,288.78486923316854
39,71.66666666666667,2.0,291.7068954669185
40,71.66666666666667,2.0,292.43740202535605
6,72.22222222222223,2.0,150.7191296884806
7,72.22222222222223,2.0,160.94622150660564
8,72.22222222222223,2.0,167.52078053254314
9,72.22222222222223,2.0,174.82584611691814
10,72.22222222222223,2.0,182.86141825973067
11,72.22222222222223,2.0,188.7054707272307
12,72.22222222222223,2.0,196.74104287004323
13,72.22222222222223,2.0,202.58509533754327
14,72.22222222222223,2.0,207.69864124660575
15,72.22222222222223,2.0,212.81218715566828
16,72.22222222222223,2.0,217.9257330647308
17,72.22222222222223,2.0,221.57826585691834
18,72.22222222222223,2.0,226.69181176598082
19,72.22222222222223,2.0,230.34434455816836
20,72.22222222222223,2.0,233.99687735035585
21,72.22222222222223,2.0,236.91890358410586
22,72.22222222222223,2.0,241.30194293473085
23,72.22222222222223,2.0,244.2239691684809
24,72.22222222222223,2.0,247.8765019606684
25,72.22222222222223,2.0,251.5290347528559
26,72.22222222222223,2.0,253.7205544281684
27,72.22222222222223,2.0,258.1035937787934
28,72.22222222222223,2.0,260.29511345410594
29,72.22222222222223,2.0,263.94764624629346
30,72.22222222222223,2.0,266.1391659216059
31,72.22222222222223,2.0,269.06119215535597
32,72.22222222222223,2.0,272.7137249475435
33,72.22222222222223,2.0,276.36625773973105
34,72.22222222222223,2.0,280.01879053191857
35,72.22222222222223,2.0,280.749297090356
36,72.22222222222223,2.0,285.86284299941855
37,72.22222222222223,2.0,288.78486923316854
38,72.22222222222223,2.0,290.976388908481
39,72.22222222222223,2.0,294.62892170066857
40,72.22222222222223,2.0,294.62892170066857
6,72.77777777777777,2.0,152.9106493637931
7,72.77777777777777,2.0,161.67672806504314
8,72.77777777777777,2.0,168.98179364941814
9,72.77777777777777,2.0,176.2868592337932
10,72.77777777777777,2.0,183.5919248181682
11,72.77777777777777,2.0,191.6274969609807
12,72.77777777777777,2.0,198.93256254535575
13,72.77777777777777,2.0,204.77661501285576
14,72.77777777777777,2.0,209.89016092191827
15,72.77777777777777,2.0,215.0037068309808
16,72.77777777777777,2.0,220.1172527400433
17,72.77777777777777,2.0,223.7697855322308
18,72.77777777777777,2.0,228.88333144129334
19,72.77777777777777,2.0,232.53586423348082
20,72.77777777777777,2.0,236.18839702566837
21,72.77777777777777,2.0,238.37991670098089
22,72.77777777777777,2.0,243.49346261004337
23,72.77777777777777,2.0,246.4154888437934
24,72.77777777777777,2.0,250.0680216359809
25,72.77777777777777,2.0,253.7205544281684
26,72.77777777777777,2.0,255.91207410348093
27,72.77777777777777,2.0,259.5646068956684
28,72.77777777777777,2.0,262.48663312941846
29,72.77777777777777,2.0,266.1391659216059
30,72.77777777777777,2.0,268.33068559691844
31,72.77777777777777,2.0,271.983218389106
32,72.77777777777777,2.0,275.6357511812935
33,72.77777777777777,2.0,278.5577774150435
34,72.77777777777777,2.0,282.21031020723103
35,72.77777777777777,2.0,284.4018298825435
36,72.77777777777777,2.0,288.78486923316854
37,72.77777777777777,2.0,290.976388908481
38,72.77777777777777,2.0,294.62892170066857
39,72.77777777777777,2.0,296.82044137598103
40,72.77777777777777,2.0,296.82044137598103
6,73.33333333333333,2.0,153.6411559222306
7,73.33333333333333,2.0,162.40723462348063
8,73.33333333333333,2.0,171.17331332473066
9,73.33333333333333,2.0,178.4783789091057
10,73.33333333333333,2.0,185.78344449348072
11,73.33333333333333,2.0,193.8190166362932
12,73.33333333333333,2.0,201.12408222066824
13,73.33333333333333,2.0,206.23762812973078
14,73.33333333333333,2.0,212.0816805972308
15,73.33333333333333,2.0,217.19522650629335
16,73.33333333333333,2.0,222.30877241535583
17,73.33333333333333,2.0,225.96130520754335
18,73.33333333333333,2.0,231.07485111660586
19,73.33333333333333,2.0,234.72738390879334
20,73.33333333333333,2.0,238.37991670098089
21,73.33333333333333,2.0,240.5714363762934
22,73.33333333333333,2.0,245.6849822853559
23,73.33333333333333,2.0,247.8765019606684
24,73.33333333333333,2.0,251.5290347528559
25,73.33333333333333,2.0,255.91207410348093
26,73.33333333333333,2.0,259.5646068956684
27,73.33333333333333,2.0,261.75612657098094
28,73.33333333333333,2.0,265.40865936316845
29,73.33333333333333,2.0,268.33068559691844
30,73.33333333333333,2.0,271.983218389106
31,73.33333333333333,2.0,274.17473806441853
32,73.33333333333333,2.0,278.5577774150435
33,73.33333333333333,2.0,280.749297090356
34,73.33333333333333,2.0,284.4018298825435
35,73.33333333333333,2.0,288.054362674731
36,73.33333333333333,2.0,290.976388908481
37,73.33333333333333,2.0,293.16790858379346
38,73.33333333333333,2.0,296.82044137598103
39,73.33333333333333,2.0,299.742467609731
40,73.33333333333333,2.0,300.47297416816855
6,73.88888888888889,2.0,155.1021690391056
7,73.88888888888889,2.0,164.59875429879312
8,73.88888888888889,2.0,171.90381988316813
9,73.88888888888889,2.0,179.20888546754318
10,73.88888888888889,2.0,186.5139510519182
11,73.88888888888889,2.0,194.54952319473074
12,73.88888888888889,2.0,203.31560189598076
13,73.88888888888889,2.0,208.42914780504327
14,73.88888888888889,2.0,214.2732002725433
15,73.88888888888889,2.0,219.38674618160582
16,73.88888888888889,2.0,224.50029209066832
17,73.88888888888889,2.0,228.15282488285584
18,73.88888888888889,2.0,233.26637079191835
19,73.88888888888889,2.0,236.91890358410586
20,73.88888888888889,2.0,240.5714363762934
21,73.88888888888889,2.0,243.49346261004337
22,73.88888888888889,2.0,248.60700851910588
23,73.88888888888889,2.0,250.7985281944184
24,73.88888888888889,2.0,254.45106098660594
25,73.88888888888889,2.0,258.1035937787934
26,73.88888888888889,2.0,261.75612657098094
27,73.88888888888889,2.0,264.6781528047309
28,73.88888888888889,2.0,268.33068559691844
29,73.88888888888889,2.0,270.52220527223096
30,73.88888888888889,2.0,274.17473806441853
31,73.88888888888889,2.0,277.0967642981684
32,73.88888888888889,2.0,280.01879053191857
33,73.88888888888889,2.0,283.67132332410597
34,73.88888888888889,2.0,286.593349557856
35,73.88888888888889,2.0,288.78486923316854
36,73.88888888888889,2.0,293.8984151422311
37,73.88888888888889,2.0,296.82044137598103
38,73.88888888888889,2.0,299.01196105129355
39,73.88888888888889,2.0,302.66449384348107
40,73.88888888888889,2.0,302.66449384348107
6,74.44444444444444,2.0,156.5631821559806
7,74.44444444444444,2.0,165.32926085723068
8,74.44444444444444,2.0,174.09533955848067
9,74.44444444444444,2.0,181.4004051428557
10,74.44444444444444,2.0,189.43597728566823
11,74.44444444444444,2.0,196.74104287004323
12,74.44444444444444,2.0,204.04610845441826
13,74.44444444444444,2.0,210.6206674803558
14,74.44444444444444,2.0,216.4647199478558
15,74.44444444444444,2.0,221.57826585691834
16,74.44444444444444,2.0,226.69181176598082
17,74.44444444444444,2.0,230.34434455816836
18,74.44444444444444,2.0,235.45789046723087
19,74.44444444444444,2.0,239.11042325941838
20,74.44444444444444,2.0,242.76295605160587
21,74.44444444444444,2.0,244.9544757269184
22,74.44444444444444,2.0,250.0680216359809
23,74.44444444444444,2.0,252.99004786973092
24,74.44444444444444,2.0,256.64258066191843
25,74.44444444444444,2.0,260.29511345410594
26,74.44444444444444,2.0,263.94764624629346
27,74.44444444444444,2.0,266.1391659216059
28,74.44444444444444,2.0,270.52220527223096
29,74.44444444444444,2.0,272.7137249475435
30,74.44444444444444,2.0,276.36625773973105
31,74.44444444444444,2.0,280.01879053191857
32,74.44444444444444,2.0,282.9408167656685
33,74.44444444444444,2.0,286.593349557856
34,74.44444444444444,2.0,290.24588235004353
35,74.44444444444444,2.0,292.43740202535605
36,74.44444444444444,2.0,296.0899348175436
37,74.44444444444444,2.0,299.01196105129355
38,74.44444444444444,2.0,301.2034807266061
39,74.44444444444444,2.0,304.8560135187936
40,74.44444444444444,2.0,304.8560135187936
6,75.0,2.0,157.29368871441815
7,75.0,2.0,166.05976741566815
8,75.0,2.0,174.82584611691814
9,75.0,2.0,182.86141825973067
10,75.0,2.0,191.6274969609807
11,75.0,2.0,197.47154942848076
12,75.0,2.0,206.23762812973078
13,75.0,2.0,211.3511740387933
14,75.0,2.0,218.6562396231683
15,75.0,2.0,222.30877241535583
16,75.0,2.0,227.42231832441834
17,75.0,2.0,232.53586423348082
18,75.0,2.0,236.18839702566837
19,75.0,2.0,239.8409298178559
20,75.0,2.0,243.49346261004337
21,75.0,2.0,247.1459954022309
22,75.0,2.0,252.25954131129342
23,75.0,2.0,254.45106098660594
24,75.0,2.0,258.83410033723095
25,75.0,2.0,262.48663312941846
26,75.0,2.0,266.1391659216059
27,75.0,2.0,268.33068559691844
28,75.0,2.0,271.983218389106
29,75.0,2.0,274.90524462285595
30,75.0,2.0,278.5577774150435
31,75.0,2.0,282.21031020723103
32,75.0,2.0,285.86284299941855
33,75.0,2.0,288.78486923316854
34,75.0,2.0,292.43740202535605
35,75.0,2.0,294.62892170066857
36,75.0,2.0,299.01196105129355
37,75.0,2.0,301.2034807266061
38,75.0,2.0,304.8560135187936
39,75.0,2.0,307.04753319410605
40,75.0,2.0,308.5085463109811
6,75.55555555555556,2.0,158.75470183129312
7,75.55555555555556,2.0,168.25128709098067
8,75.55555555555556,2.0,176.2868592337932
9,75.55555555555556,2.0,184.32243137660572
10,75.55555555555556,2.0,192.35800351941825
11,75.55555555555556,2.0,199.66306910379322
12,75.55555555555556,2.0,206.96813468816828
13,75.55555555555556,2.0,213.5426937141058
14,75.55555555555556,2.0,220.1172527400433
15,75.55555555555556,2.0,224.50029209066832
16,75.55555555555556,2.0,229.61383799973086
17,75.55555555555556,2.0,234.72738390879334
18,75.55555555555556,2.0,238.37991670098089
19,75.55555555555556,2.0,242.76295605160587
20,75.55555555555556,2.0,247.1459954022309
21,75.55555555555556,2.0,251.5290347528559
22,75.55555555555556,2.0,255.18156754504344
23,75.55555555555556,2.0,256.64258066191843
24,75.55555555555556,2.0,262.48663312941846
25,75.55555555555556,2.0,263.94764624629346
26,75.55555555555556,2.0,268.33068559691844
27,75.55555555555556,2.0,271.25271183066843
28,75.55555555555556,2.0,274.90524462285595
29,75.55555555555556,2.0,278.5577774150435
30,75.55555555555556,2.0,282.21031020723103
31,75.55555555555556,2.0,284.4018298825435
32,75.55555555555556,2.0,288.054362674731
33,75.55555555555556,2.0,291.7068954669185
34,75.55555555555556,2.0,294.62892170066857
35,75.55555555555556,2.0,296.82044137598103
36,75.55555555555556,2.0,300.47297416816855
37,75.55555555555556,2.0,303.3950004019186
38,75.55555555555556,2.0,307.04753319410605
39,75.55555555555556,2.0,310.70006598629357
40,75.55555555555556,2.0,310.70006598629357
6,76.11111111111111,2.0,160.94622150660564
7,76.11111111111111,2.0,169.71230020785566
8,76.11111111111111,2.0,178.4783789091057
9,76.11111111111111,2.0,185.78344449348072
10,76.11111111111111,2.0,194.54952319473074
11,76.11111111111111,2.0,201.85458877910574
12,76.11111111111111,2.0,209.15965436348077
13,76.11111111111111,2.0,215.73421338941827
14,76.11111111111111,2.0,221.57826585691834
15,76.11111111111111,2.0,226.69181176598082
16,76.11111111111111,2.0,231.80535767504333
17,76.11111111111111,2.0,236.91890358410586
18,76.11111111111111,2.0,240.5714363762934
19,76.11111111111111,2.0,244.2239691684809
20,76.11111111111111,2.0,249.33751507754343
21,76.11111111111111,2.0,252.25954131129342
22,76.11111111111111,2.0,256.64258066191843
23,76.11111111111111,2.0,259.5646068956684
24,76.11111111111111,2.0,264.6781528047309
25,76.11111111111111,2.0,266.86967248004345
26,76.11111111111111,2.0,270.52220527223096
27,76.11111111111111,2.0,274.17473806441853
28,76.11111111111111,2.0,277.0967642981684
29,76.11111111111111,2.0,280.749297090356
30,76.11111111111111,2.0,284.4018298825435
31,76.11111111111111,2.0,286.593349557856
32,76.11111111111111,2.0,290.24588235004353
33,76.11111111111111,2.0,294.62892170066857
34,76.11111111111111,2.0,298.2814544928561
35,76.11111111111111,2.0,300.47297416816855
36,76.11111111111111,2.0,304.12550696035606
37,76.11111111111111,2.0,307.04753319410605
38,76.11111111111111,2.0,310.70006598629357
39,76.11111111111111,2.0,312.8915856616061
40,76.11111111111111,2.0,312.8915856616061
6,76.66666666666667,2.0,161.67672806504314
7,76.66666666666667,2.0,170.44280676629316
8,76.66666666666667,2.0,179.20888546754318
9,76.66666666666667,2.0,187.97496416879324
10,76.66666666666667,2.0,195.28002975316824
11,76.66666666666667,2.0,202.58509533754327
12,76.66666666666667,2.0,211.3511740387933
13,76.66666666666667,2.0,217.9257330647308
14,76.66666666666667,2.0,223.7697855322308
15,76.66666666666667,2.0,228.88333144129334
16,76.66666666666667,2.0,233.99687735035585
17,76.66666666666667,2.0,239.11042325941838
18,76.66666666666667,2.0,242.76295605160587
19,76.66666666666667,2.0,246.4154888437934
20,76.66666666666667,2.0,251.5290347528559
21,76.66666666666667,2.0,253.7205544281684
22,76.66666666666667,2.0,258.83410033723095
23,76.66666666666667,2.0,261.75612657098094
24,76.66666666666667,2.0,266.1391659216059
25,76.66666666666667,2.0,269.06119215535597
26,76.66666666666667,2.0,272.7137249475435
27,76.66666666666667,2.0,276.36625773973105
28,76.66666666666667,2.0,279.28828397348093
29,76.66666666666667,2.0,282.9408167656685
30,76.66666666666667,2.0,286.593349557856
31,76.66666666666667,2.0,288.78486923316854
32,76.66666666666667,2.0,293.8984151422311
33,76.66666666666667,2.0,296.82044137598103
34,76.66666666666667,2.0,300.47297416816855
35,76.66666666666667,2.0,302.66449384348107
36,76.66666666666667,2.0,306.3170266356686
37,76.66666666666667,2.0,309.2390528694185
38,76.66666666666667,2.0,312.8915856616061
39,76.66666666666667,2.0,316.5441184537936
40,76.66666666666667,2.0,316.5441184537936